id,ACTUAL LOCATION,STORAGE,DESCRIPTION,CATEGORY,SECURITY STATUS,DEPARTMENT,DATA TYPES,RETENSION DATE,Created AT
2024081001,LOCAL DISK C:/DESKTOP,GPC DISCTOP/ FOLDER, BEO,PHYSICAL,,Grounds,IBI,,
2024081002,LOCAL DISK C:/DESKTOP,GPC DISCTOP/ FOLDER,DAILY/ACTUAL ARRIVAL REPORT,PHYSICAL,,Grounds,PII,,
2024081003, GROUNDS OFFICE,CABINET/DRAWER,LOGBOOK-ENDORSEMENT,PHYSICAL,,Grounds,PII,,
2024081004,GROUNDS OFFICE,CABINET/DRAWER,GENERAL STOREROOM REQUISITION,PHYSICAL,,Grounds,IBI,,
2024081005, GROUNDS OFFICE, CABINET/DRAWER,PURCHASE REQUISITION - OFFICE SUPPLY,PHYSICAL,,Grounds,IBI,,
2024081006,LOCAL DISK C:/DESKTOP,GPC DESKTOP/ FOLDER,JOB ORDER FORM,PHYSICAL,,Grounds,IBI,,
2024081007,LOCAL DISK C:/DESKTOP,GPC DESKTOP/ FOLDER,MEMO,PHYSICAL,,Grounds,IBI,,
2024081008,LOCAL DISK C:/DESKTOP,GPC DESKTOP/ FOLDER,MONTHLY REPORT,PHYSICAL,,Grounds,IBI,,
2024081009,LOCAL DISK C:/DESKTOP,GPC DESKTOP/ FOLDER,WORK SCHEDULE,PHYSICAL,,Grounds,PII,,
2024081010,DRAWER 1,CABINET 1,GOVERNMENT CONTRIBUTIONS .FILES,PHYSICAL,,Accounting,IBI,,
2024081011,DRAWER 2,CABINET 1,PAYROLL 2018-2019,PHYSICAL,,Accounting,IBI,,
2024081012,DRAWER 3,CABINET 1,BIR FILES,PHYSICAL,,Accounting,IBI,,
2024081013,DRAWER 4,CABINET 1,EMPLOYEES 2316,PHYSICAL,,Accounting,IBI,,
2024081014,DRAWER 1,CABINET 2,SUPPLIER'S FOLDER,PHYSICAL,,Accounting,IBI,,
2024081015,DRAWER 2,CABINET 2,GUEST FOLIOS,PHYSICAL,,Accounting,IBI,,
2024081016,DRAWER 3,CABINET 2,PAYROLL 2018-2019,PHYSICAL,,Accounting,IBI,,
2024081017,DRAWER 1,CABINET 3,GUEST FOLIOS,PHYSICAL,,Accounting,IBI,,
2024081018,DRAWER 2,CABINET 3,SALES REMITTANCE,PHYSICAL,,Accounting,IBI,,
2024081019,DRAWER 3,CABINET 3,GUEST FOLIOS,PHYSICAL,,Accounting,IBI,,
2024081020,DRAWER 4,CABINET 3,USED OFFICIAL RECEIPT,PHYSICAL,,Accounting,IBI,,
2024081021,DRAWER 1,CABINET 4,GROUP FUCTION 2023,PHYSICAL,,Accounting,IBI,,
2024081022,DRAWER 1,CABINET 4,PAID AR 2023,PHYSICAL,,Accounting,IBI,,
2024081023,DRAWER 3,CABINET 4,PAYROLL FOLDER,PHYSICAL,,Accounting,IBI,,
2024081024,DRAWER 4,CABINET 4,GUEST FOLIOS,PHYSICAL,,Accounting,IBI,,
2024081025,DRAWER 1,CABINET 5,VAULT,PHYSICAL,,Accounting,IBI,,
2024081026,DRAWER 2,CABINET 5,GOVERNMENT FILES,PHYSICAL,,Accounting,IBI,,
2024081027,DRAWER 1,CABINET 6,MEMBERSHIP/MEMO,PHYSICAL,,Accounting,IBI,,
2024081028,DRAWER 2,CABINET 6,SOA,PHYSICAL,,Accounting,IBI,,
2024081029,DRAWER 3,CABINET 6,GROUP FUNCTIONS,PHYSICAL,,Accounting,IBI,,
2024081030,DRAWER 4,CABINET 6,REVENUE,PHYSICAL,,Accounting,IBI,,
2024081031,DRAWER 5,UPPER CABINET,OFFICIAL RECEIPTS- UNUSED,PHYSICAL,,Accounting,IBI,,
2024081032,LOCAL DISK D:/DESKTOP,PC DESKTOP- OLD,DBP PAY CASA,DIGITAL,,Accounting,IBI,,
2024081033,LOCAL DISK D:/DESKTOP,PC DESKTOP- OLD,BACK UP PAYROLL MSI PAYROLL,DIGITAL,,Accounting,IBI,,
2024081034,LOCAL DISK D:/DESKTOP,PC DESKTOP- JP Alicaycay,VAT RELIEF ENTRY,DIGITAL,,Accounting,IBI,,
2024081035,LOCAL DISK D:/DESKTOP,PC DESKTOP- JP Alicaycay,VAT RELIEF VALIDATION,DIGITAL,,Accounting,IBI,,
2024081036,LOCAL DISK D:/DESKTOP,PC DESKTOP- JP Alicaycay,ALPHALIST DATA ENTRY/VALIDATION,DIGITAL,,Accounting,IBI,,
2024081037,LOCAL DISK D:/DESKTOP,PC DESKTOP- JP Alicaycay,ULTRA VIEWER - QUICKBOOK PROGRAM,DIGITAL,,Accounting,IBI,,
2024081038,LOCAL DISK D:/DESKTOP,PC DESKTOP- JP Alicaycay,SUMMARY OF EWT  Jan- Dec. 2022,DIGITAL,,Accounting,IBI,,
2024081039,LOCAL DISK D:/DESKTOP,PC DESKTOP- JP Alicaycay,"SWAT 2014,2015,2017",DIGITAL,,Accounting,IBI,,
2024081040,LOCAL DISK D:/DESKTOP,PC DESKTOP- JP Alicaycay,REPLENISHMENT OF Petty Cash Fund,DIGITAL,,Accounting,IBI,,
2024081041,LOCAL DISK D:/DESKTOP,PC DESKTOP- JP Alicaycay,REPLENISHMENT OF  Purchasing Fund,DIGITAL,,Accounting,IBI,,
2024081042,LOCAL DISK D:/DESKTOP,PC DESKTOP- JP Alicaycay,SUBSIDIARY SALES 2016-2017,DIGITAL,,Accounting,IBI,,
2024081043,LOCAL DISK D:/DESKTOP,PC DESKTOP- JP Alicaycay,VAT PURCHASES 2023,DIGITAL,,Accounting,IBI,,
2024081044,LOCAL DISK D:/DESKTOP,PC DESKTOP- JP Alicaycay,SALES TRANSACTION 2022,DIGITAL,,Accounting,IBI,,
2024081045,BOX 1,STORAGE -7-2 AREA,SUMMARY OF OR 2010,PHYSICAL,,Accounting,IBI,,
2024081046,BOX 1,STORAGE -7-2 AREA,MEMBERSHIP FEE - 2011-2013,PHYSICAL,,Accounting,IBI,,
2024081047,BOX 1,STORAGE -7-2 AREA,SSS SICKNESS BENEFIT 2010,PHYSICAL,,Accounting,IBI,,
2024081048,BOX 1,STORAGE -7-2 AREA,POS OR May - June 2017,PHYSICAL,,Accounting,IBI,,
2024081049,BOX 1,STORAGE -7-2 AREA,CUSTOMER DEPOSIT - 2013,PHYSICAL,,Accounting,IBI,,
2024081050,BOX 1,STORAGE -7-2 AREA,MECC Docs. - 2012/2015/2016,PHYSICAL,,Accounting,IBI,,
2024081051,BOX 2,STORAGE -7-2 AREA,SUMMARY OF  OR 2010-2014,PHYSICAL,,Accounting,IBI,,
2024081052,BOX 2,STORAGE -7-2 AREA,POS Jan-June & Aug. 2017,PHYSICAL,,Accounting,IBI,,
2024081053,BOX 3,STORAGE -7-2 AREA,PURCHASING Fund 2017,PHYSICAL,,Accounting,IBI,,
2024081054,BOX 3,STORAGE -7-2 AREA,PETTY CASH FUND 2017,PHYSICAL,,Accounting,IBI,,
2024081055,BOX 3,STORAGE -7-2 AREA,SPECIAL MANPOWER 2014,PHYSICAL,,Accounting,IBI,,
2024081056,BOX 3,STORAGE -7-2 AREA,VOUCHERS DUPLICATE 2005,PHYSICAL,,Accounting,IBI,,
2024081057,BOX 6,STORAGE -7-2 AREA,VARIOUS FILES 2016 Suppliers,PHYSICAL,,Accounting,IBI,,
2024081058,BOX 7,STORAGE -7-2 AREA,SUPPLIER FOLDER 2015,PHYSICAL,,Accounting,IBI,,
2024081059,BOX 8,STORAGE -7-2 AREA,BDO RECONCILIATION 2015,PHYSICAL,,Accounting,IBI,,
2024081060,BOX 8,STORAGE -7-2 AREA,MBTC RECON 2015,PHYSICAL,,Accounting,IBI,,
2024081061,BOX 8,STORAGE -7-2 AREA,MBCI Payroll 2015,PHYSICAL,,Accounting,IBI,,
2024081062,BOX 9,STORAGE -7-2 AREA,GROUP FUNCTION 2018,PHYSICAL,,Accounting,IBI,,
2024081063,BOX 9,STORAGE -7-2 AREA,GROUP FUNCTION 2020,PHYSICAL,,Accounting,IBI,,
2024081064,BOX 10,STORAGE -7-2 AREA,GROUP FUNCTION 2019/2020,PHYSICAL,,Accounting,IBI,,
2024081065,BOX 10,STORAGE -7-2 AREA,GUEST FOLIOS Jan.-Mar. 2020,PHYSICAL,,Accounting,IBI,,
2024081066,BOX 11,STORAGE -7-2 AREA,SUMMARY OF DEPOSIT 2016-2017,PHYSICAL,,Accounting,IBI,,
2024081067,BOX 11,STORAGE -7-2 AREA,SUPPLIER FOLDER,PHYSICAL,,Accounting,IBI,,
2024081068,BOX 11,STORAGE -7-2 AREA,HR MEMO,PHYSICAL,,Accounting,IBI,,
2024081069,BOX 12,STORAGE -7-2 AREA,SUPPLIER FOLDER ,PHYSICAL,,Accounting,IBI,,
2024081070,BOX 13,STORAGE -7-2 AREA,GUEST FOLIOs,PHYSICAL,,Accounting,IBI,,
2024081071,BOX 14,STORAGE -7-2 AREA,BAGAC PAYROLL 2014 & 2015,PHYSICAL,,Accounting,IBI,,
2024081072,BOX 15,STORAGE -7-2 AREA,BAGAC PAYROLL 2016 & 2017,PHYSICAL,,Accounting,IBI,,
2024081073,BOX 15,STORAGE -7-2 AREA,BAGAC Gov't. REMITTANCE 2008-2017,PHYSICAL,,Accounting,IBI,,
2024081074,BOX 15,STORAGE -7-2 AREA,MAKATI GOV'T. REMITTANCE 2008-2017,PHYSICAL,,Accounting,IBI,,
2024081075,MHO BOX 1,STORAGE -7-2 AREA,MAKATI VARIOUS SUPPLIERS 2011-2017,PHYSICAL,,Accounting,IBI,,
2024081076,MHO BOX 2,STORAGE -7-2 AREA,MAKATI VARIOUS SUPPLIERS 2015-2016,PHYSICAL,,Accounting,IBI,,
2024081077,MHO BOX 3,STORAGE -7-2 AREA,BANK STATEMENT 2015-2017,PHYSICAL,,Accounting,IBI,,
2024081078,MHO BOX 3,STORAGE -7-2 AREA,RESIGNED EMPLOYEES,PHYSICAL,,Accounting,IBI,,
2024081079,MHO BOX 3,STORAGE -7-2 AREA,SUPPLIER FOLDER 2016,PHYSICAL,,Accounting,IBI,,
2024081080,MHO BOX 4,STORAGE -7-2 AREA,BPI PAYROLL 2005-2009,PHYSICAL,,Accounting,IBI,,
2024081081,MHO BOX 4,STORAGE -7-2 AREA,MBTC PAYROLL 2010-2018,PHYSICAL,,Accounting,IBI,,
2024081082,MHO BOX 4,STORAGE -7-2 AREA,MAKATI GV Jan.-June 2020,PHYSICAL,,Accounting,IBI,,
2024081083,MHO BOX 4,STORAGE -7-2 AREA,SUBSIDIARY LEDGER Jan. - Feb. 2020,PHYSICAL,,Accounting,IBI,,
2024081084,MHO BOX 5,STORAGE -7-2 AREA,BANK RECONCILIATION 2018-2020,PHYSICAL,,Accounting,IBI,,
2024081085,MHO BOX 5,STORAGE -7-2 AREA,Cash Receipt Jan. - Decc. 2017-2020,PHYSICAL,,Accounting,IBI,,
2024081086,MHO BOX 5,STORAGE -7-2 AREA,BAGAC GV Jan.- Dec. 2016,PHYSICAL,,Accounting,IBI,,
2024081087,MHO BOX 5,STORAGE -7-2 AREA,BAGAC GV Jan.- Dec. 2020,PHYSICAL,,Accounting,IBI,,
2024081088,MHO BOX 5,STORAGE -7-2 AREA,GENERAL LEDGER 2018,PHYSICAL,,Accounting,IBI,,
2024081089,MHO BOX 6,STORAGE -7-2 AREA,BANK RECONCILIATION 2019-2020,PHYSICAL,,Accounting,IBI,,
2024081090,MHO BOX 6,STORAGE -7-2 AREA,JOURNAL VOUCHERS Jan.- June 2016,PHYSICAL,,Accounting,IBI,,
2024081091,MHO BOX 6,STORAGE -7-2 AREA,PURCHASING FUND May - June 2018,PHYSICAL,,Accounting,IBI,,
2024081092,MHO BOX 6,STORAGE -7-2 AREA,VARIOUS FILES SUPPLIERS,PHYSICAL,,Accounting,IBI,,
2024081093,MHO BOX 6,STORAGE -7-3 AREA,JOURNAL VOUCHER 1999-2013,PHYSICAL,,Accounting,IBI,,
2024081094,MHO BOX 6,STORAGE -7-3 AREA,CASH RECEIPT Jan. - Decc. 2017-2022,PHYSICAL,,Accounting,IBI,,
2024081095,MHO BOX 6,STORAGE -7-3 AREA,CASH DISBURSEMENT 1999-2022,PHYSICAL,,Accounting,IBI,,
2024081096,MHO BOX 6,STORAGE -7-3 AREA,GENERAL VOUCHER 2000-2013,PHYSICAL,,Accounting,IBI,,
2024081097,MHO BOX 6,STORAGE -7-3 AREA,CASH POSITION 2000-2013,PHYSICAL,,Accounting,IBI,,
2024081098,MHO BOX 6,STORAGE -7-3 AREA,TRIAL BALANCE 2002,PHYSICAL,,Accounting,IBI,,
2024081099,MHO BOX 6,STORAGE -7-3 AREA,CASH POSITION 1999-2009,PHYSICAL,,Accounting,IBI,,
2024081100,MHO BOX 6,STORAGE -7-3 AREA,CASH RECEIPT  1999-2009,PHYSICAL,,Accounting,IBI,,
2024081101,MHO BOX 6,STORAGE -7-3 AREA,CASH DISBURSEMENT 1999-2009,PHYSICAL,,Accounting,IBI,,
2024081102,MHO BOX 6,STORAGE -7-3 AREA,GENERAL VOUCHER 2002-2014,PHYSICAL,,Accounting,IBI,,
2024081103,MHO BOX 6,STORAGE -7-3 AREA,GENERAL LEDGER 2002-2007,PHYSICAL,,Accounting,IBI,,
2024081104,MHO BOX 6,STORAGE -7-3 AREA,VARIOUS SUPPLIERS 2011-2015,PHYSICAL,,Accounting,IBI,,
2024081105,MHO BOX 6,STORAGE -7-3 AREA,Used ORDER SLIP 2004-2015,PHYSICAL,,Accounting,IBI,,
2024081106,MHO BOX 6,STORAGE -7-3 AREA,PAYROLL REPORT 2007,PHYSICAL,,Accounting,IBI,,
2024081107,MHO BOX 6,STORAGE -7-3 AREA,BANK RECONCILIATION 2000-2008,PHYSICAL,,Accounting,IBI,,
2024081108,EMAIL,EMAIL,BEO,DIGITAL,,Food and Beverage Service,PII,5 YEARS,
2024081109,PC DESKTOP,PC DESKTOP,BANQUET SCHEDULE,DIGITAL,,Food and Beverage Service,PII,5 YEARS,
2024081110,PC DESKTOP,PC DESKTOP,BAR INVENTORY,DIGITAL,,Food and Beverage Service,PII,5 YEARS,
2024081111,PC DESKTOP,PC DESKTOP,SCRAP AND SPOILAGES,DIGITAL,,Food and Beverage Service,PII,5 YEARS,
2024081112,BAR COUNTER,BAR COUNTER,LOGBOOK-ENDORSEMENT,DIGITAL,,Food and Beverage Service,PII,1 YEAR,
2024081113,PC DESKTOP,PC DESKTOP,JOB ORDER FORM,DIGITAL,,Food and Beverage Service,IBI,5 YEARS,
2024081114,EMAIL,EMAIL,BEO,DIGITAL,,Food and Beverage Service,PII,5 YEARS,
2024081115,PC DESKTOP,PC DESKTOP,BANQUET SCHEDULE,DIGITAL,,Food and Beverage Service,PII,5 YEARS,
2024081116,PC DESKTOP,PC DESKTOP,BAR INVENTORY,DIGITAL,,Food and Beverage Service,PII,5 YEARS,
2024081117,PC DESKTOP,PC DESKTOP,SCRAP AND SPOILAGES,DIGITAL,,Food and Beverage Service,PII,5 YEARS,
2024081118,BAR COUNTER,BAR COUNTER,LOGBOOK-ENDORSEMENT,DIGITAL,,Food and Beverage Service,PII,1 YEAR,
2024081119,PC DESKTOP,PC DESKTOP,JOB ORDER FORM,DIGITAL,,Food and Beverage Service,IBI,5 YEARS,
2024081120,LOCAL DISK D:/DESKTOP,PC DESKTOP- LUCY TENORIO,SUBSIDIARY SALES SUMMARY -2018-2024,DIGITAL,,Accounting,IBI,,
2024081121,LOCAL DISK D:/DESKTOP,PC DESKTOP- LUCY TENORIO,MONTHLY REVENUE 2022-2024,DIGITAL,,Accounting,IBI,,
2024081122,LOCAL DISK D:/DESKTOP,PC DESKTOP- LUCY TENORIO,YEARLY COMPARISON 2022-2024,DIGITAL,,Accounting,IBI,,
2024081123,LOCAL DISK D:/DESKTOP,PC DESKTOP- LUCY TENORIO,PAY CASA,DIGITAL,,Accounting,IBI,,
2024081124,LOCAL DISK D:/DESKTOP,PC DESKTOP- LUCY TENORIO,DBP RECON/MBTC RECON,DIGITAL,,Accounting,IBI,,
2024081125,LOCAL DISK D:/DESKTOP,PC DESKTOP- LUCY TENORIO,SSUMMARY OF OR & POS,DIGITAL,,Accounting,IBI,,
2024081126,LOCAL DISK D:/DESKTOP,PC DESKTOP- LUCY TENORIO,SUMMARY OF  AR & OVERPAYMENT,DIGITAL,,Accounting,IBI,,
2024081127,LOCAL DISK D:/DESKTOP,PC DESKTOP- LUCY TENORIO,WEEKLY SCHEDULE OF ACCOUNTING,DIGITAL,,Accounting,IBI,,
2024081128,LOCAL DISK D:/DESKTOP,PC DESKTOP- LUCY TENORIO,BUS. PERMIT COMPUTATION,DIGITAL,,Accounting,IBI,,
2024081129,LOCAL DISK D:/DESKTOP,PC DESKTOP- LUCY TENORIO,CASHPOSITION 2018-2020,DIGITAL,,Accounting,IBI,,
2024081130,LOCAL DISK D:/DESKTOP,PC DESKTOP- LUCY TENORIO,INVENTORY 2018-2020,DIGITAL,,Accounting,IBI,,
2024081131,LOCAL DISK D:/DESKTOP,PC DESKTOP- LUCY TENORIO,PAYROL VOUCHER 2018 -2020,DIGITAL,,Accounting,IBI,,
2024081132,LOCAL DISK D:/DESKTOP,PC DESKTOP- LUCY TENORIO,EAFS 2020-2021,DIGITAL,,Accounting,IBI,,
2024081133,LOCAL DISK D:/DESKTOP,PC DESKTOP- LUCY TENORIO,OLD FILES 2018-2021,DIGITAL,,Accounting,IBI,,
2024081134,TABLE - LUCY T.,WHITE CABINET,BIR OPEN CASES,PHYSICAL,,Accounting,IBI,,
2024081135,TABLE - LUCY T.,WHITE CABINET,E- SALES REPORTING ,PHYSICAL,,Accounting,IBI,,
2024081136,TABLE - LUCY T.,WHITE CABINET,SECRETARY CERTIFICATE,PHYSICAL,,Accounting,IBI,,
2024081137,TABLE - LUCY T.,WHITE CABINET,POS CANCELLATION,PHYSICAL,,Accounting,IBI,,
2024081138,TABLE - LUCY T.,WHITE CABINET,TAX MAPPING,PHYSICAL,,Accounting,IBI,,
2024081139,TABLE - LUCY T.,WHITE CABINET,ENVIROMENTAL FEE,PHYSICAL,,Accounting,IBI,,
2024081140,TABLE - LUCY T.,WHITE CABINET,SUMMARY OF AR Ron DEL ROSARIO,PHYSICAL,,Accounting,IBI,,
2024081141,LOCAL DISK D:/DESKTOP,PC DESKTOP- JOY D.,SUMMARY OF DEPOSIT,DIGITAL,,Accounting,IBI,,
2024081142,LOCAL DISK D:/DESKTOP,PC DESKTOP- JOY D.,SUMMARY OF SALES REPORT,DIGITAL,,Accounting,IBI,,
2024081143,CASHIERS TABLE,LA MAREA ,BUFFET BFAST LOGBOOK - 2019-2024,PHYSICAL,,Accounting,IBI,,
2024081144,CASHIERS TABLE,LA MAREA ,TIP LOGBOOK- 2022-2024,PHYSICAL,,Accounting,IBI,,
2024081145,CASHIERS TABLE,LA MAREA ,DAR,PHYSICAL,,Accounting,IBI,,
2024081146,CASHIERS TABLE,LA MAREA ,ORDERSLIP W/ RECEIPT,PHYSICAL,,Accounting,IBI,,
2024081147,CASHIERS TABLE,LA MAREA ,VOID FORM- 2024,PHYSICAL,,Accounting,IBI,,
2024081148,CASHIERS TABLE,LA MAREA ,VOID LOGBOOK- 2024,PHYSICAL,,Accounting,IBI,,
2024081149,CASHIERS TABLE,LA MAREA ,MENU COSTING SUMMARY- 2023-2024,PHYSICAL,,Accounting,IBI,,
2024081150,CASHIERS TABLE,LA MAREA ,ORDERSLIP MONITORING LOGBOOK 2024,PHYSICAL,,Accounting,IBI,,
2024081151,TABLE- JOY D.,ACCOUNTING OFFICE,RECEIVING OF FINAL PAY,PHYSICAL,,Accounting,IBI,,
2024081152,TABLE- JOY D.,ACCOUNTING OFFICE,GUEST OFFICIAL RECEIPT,PHYSICAL,,Accounting,IBI,,
2024081153,TABLE- JOY D.,ACCOUNTING OFFICE,DBP AUTO DEBIT RECEIVED,PHYSICAL,,Accounting,IBI,,
2024081154,TABLE- JOY D.,ACCOUNTING OFFICE,CASH ISSUANCE,PHYSICAL,,Accounting,IBI,,
2024081155,TABLE- JOY D.,ACCOUNTING OFFICE,SUMMARY OF SCRAP COLLECTION,PHYSICAL,,Accounting,IBI,,
2024081156,TABLE- JOY D.,ACCOUNTING OFFICE,TIP LOGBOOK,PHYSICAL,,Accounting,IBI,,
2024081157,TABLE- JOY D.,ACCOUNTING OFFICE,COPY OF DEPOSIT SLIP,PHYSICAL,,Accounting,IBI,,
2024081158,TABLE- JOY D.,ACCOUNTING OFFICE,PURCHASING LIQUIDATION,PHYSICAL,,Accounting,IBI,,
2024081159,TABLE- JOY D.,ACCOUNTING OFFICE,BACK UP EMPLOYEES RECEIVED,PHYSICAL,,Accounting,IBI,,
2024081160,LOCAL DISK D:/DESKTOP,PC DESKTOP- KRISHA M.,DAILY SUMMARY OF F & B SALES,DIGITAL,,Cost Control,IBI,,
2024081161,LOCAL DISK D:/DESKTOP,PC DESKTOP- KRISHA M.,COST CONTROL REPORTS,DIGITAL,,Cost Control,IBI,,
2024081162,FILING RACK/DRAWER,KITCHEN OFFICE,FOOD AND BEVERAGE RECEIVING REPORT BLUE COPY,PHYSICAL,,Cost Control,IBI,,
2024081163,FILING RACK/DRAWER,KITCHEN OFFICE,MEMO REQUEST-DAILY INVENTORY MONITORING,PHYSICAL,,Cost Control,IBI,,
2024081164,FILING RACK/DRAWER,KITCHEN OFFICE,BANQUET EVENT ORDER,PHYSICAL,,Cost Control,IBI,,
2024081165,FILING RACK/DRAWER,KITCHEN OFFICE,EMPLOYEES MEAL MONITORING,PHYSICAL,,Cost Control,IBI,,
2024081166,FILING RACK/DRAWER,KITCHEN OFFICE,EMPLOYEES MEAL CONSUMPTION,PHYSICAL,,Cost Control,IBI,,
2024081167,FILING RACK/DRAWER,KITCHEN OFFICE,LAMAREA  STANDARD RECIPE COSTING,PHYSICAL,,Cost Control,IBI,,
2024081168,FILING RACK/DRAWER,KITCHEN OFFICE,BAR STANDARD RECIPE COSTING,PHYSICAL,,Cost Control,IBI,,
2024081169,FILING RACK/DRAWER,KITCHEN OFFICE,TRANSMITAL,PHYSICAL,,Cost Control,IBI,,
2024081170,FILING RACK/DRAWER,KITCHEN OFFICE,BUFFET BREAKFAST MONITORING,PHYSICAL,,Cost Control,IBI,,
2024081171,FILING RACK/DRAWER,KITCHEN OFFICE,TRANSFER SLIP,PHYSICAL,,Cost Control,IBI,,
2024081172,FILING RACK/DRAWER,KITCHEN OFFICE,YIELD REPORT,PHYSICAL,,Cost Control,IBI,,
2024081173,DESKTOP/2024 FILE,COST CONTROL PC DESKTOP ,MONTHLY INVENTORY,DIGITAL,,Cost Control,IBI,,
2024081174,DESKTOP/2024 FILE,COST CONTROL PC DESKTOP ,BCC MENU,DIGITAL,,Cost Control,IBI,,
2024081175,DESKTOP/2024 FILE,COST CONTROL PC DESKTOP ,EMPLOYEES MEAL MONITORING,DIGITAL,,Cost Control,IBI,,
2024081176,DESKTOP/ANGIE DAILY TASK 2023,COST CONTROL PC DESKTOP ,DAILY/MOTHLY REPORT,DIGITAL,,Cost Control,IBI,,
2024081177,DESKTOP/BANQUET MENU,COST CONTROL PC DESKTOP ,BREAKFAST,DIGITAL,,Cost Control,IBI,,
2024081178,DESKTOP/BANQUET MENU,COST CONTROL PC DESKTOP ,MANAGED BUFFET LUNCH AND DINNER,DIGITAL,,Cost Control,IBI,,
2024081179,DESKTOP/BANQUET MENU,COST CONTROL PC DESKTOP ,HEAVY SNACK,DIGITAL,,Cost Control,IBI,,
2024081180,DESKTOP/BANQUET MENU,COST CONTROL PC DESKTOP ,PLATED MEAL,DIGITAL,,Cost Control,IBI,,
2024081181,DESKTOP/BANQUET MENU,COST CONTROL PC DESKTOP ,WEDDING PACKAGE,DIGITAL,,Cost Control,IBI,,
2024081182,DESKTOP/BANQUET MENU,COST CONTROL PC DESKTOP ,COCKTAIL ENTRÉE (HORS D' OEURVES),DIGITAL,,Cost Control,IBI,,
2024081183,DESKTOP/BANQUET MENU,COST CONTROL PC DESKTOP ,CREW MEAL,DIGITAL,,Cost Control,IBI,,
2024081184,BANQUET/GROUP ARRIVAL,COST CONTROL PC DESKTOP ,BANQUET2023/2024,DIGITAL,,Cost Control,IBI,,
2024081185,UPDATED COSTING 2023,COST CONTROL PC DESKTOP ,11.09.23_F&B PROPOSED SELLING PRICE AND POTENTIAL COST,DIGITAL,,Cost Control,IBI,,
2024081186,UPDATED COSTING 2023,COST CONTROL PC DESKTOP ,11.09.23_NEW MENU ENTRY,DIGITAL,,Cost Control,IBI,,
2024081187,UPDATED COSTING 2023,COST CONTROL PC DESKTOP ,11.09.23_LA MAREA STANDARD RECIPE,DIGITAL,,Cost Control,IBI,,
2024081188,UPDATED COSTING 2023,COST CONTROL PC DESKTOP ,BREAKFAST ALA CARTE COSTING 2023,DIGITAL,,Cost Control,IBI,,
2024081189,UPDATED COSTING 2023,COST CONTROL PC DESKTOP ,MBCI BAR RECOSTING AND SRP 2023,DIGITAL,,Cost Control,IBI,,
2024081190,UPDATED COSTING 2023,COST CONTROL PC DESKTOP ,MOBILE BAR PACKAGE,DIGITAL,,Cost Control,IBI,,
2024081191,LOCAL DISK C:/DESKTOP,PC DESKTOP,CAPEX PROPOSALS,DIGITAL,,Engineering,IBI,5 YEARS,
2024081192,LOCAL DISK C:/DESKTOP,PC DESKTOP,PROJECT PROPOSALS,DIGITAL,,Engineering,IBI,2 YEARS,
2024081193,LOCAL DISK C:/DESKTOP,PC DESKTOP,ENGINEERING STOCKS AND CONSUMPTION,DIGITAL,,Engineering,IBI,1 YEAR,
2024081194,LOCAL DISK C:/DESKTOP,PC DESKTOP,ENGINEERING MONTHLY ACCOMPLISHMENT REPORTS,DIGITAL,,Engineering,IBI,1 YEAR,
2024081195,LOCAL DISK C:/DESKTOP,PC DESKTOP,ENGINEERING JUSTIFICATION LETTER,DIGITAL,,Engineering,IBI,1 YEAR,
2024081196,LOCAL DISK C:/DESKTOP,PC DESKTOP,MATERIALS GUIDELINES,DIGITAL,,Engineering,IBI,3 YEARS,
2024081197,DESK ORGANIZER,OFFICE TABLE,JOB ORDER FORMS,PHYSICAL,,Engineering,IBI,1 YEAR,
2024081198,CABINET 1,OFFICE TABLE,PURCHASE REQUISITION,PHYSICAL,,Engineering,IBI,1 YEAR,
2024081199,DESK ORGANIZER,OFFICE TABLE,ELECTRICITY MONITORING,PHYSICAL,,Engineering,IBI,1 YEAR,
2024081200,DESK ORGANIZER,OFFICE TABLE,POWER INTERRUPTION MONITORING,PHYSICAL,,Engineering,IBI,1 YEAR,
2024081201,Decktop Folder,Laptop,Evaluattion form ,DIGITAL ,,Food and Beverage Production,IBI,,
2024081202,Decktop Folder,Laptop ,Schedule ,DIGITAL ,,Food and Beverage Production,IBI,,
2024081203,Decktop Folder,Laptop ,Inventory,DIGITAL ,,Food and Beverage Production,IBI,,
2024081204,Decktop Folder,Laptop ,Banquet Menu,DIGITAL ,,Food and Beverage Production,IBI,,
2024081205,Decktop Folder,Laptop ,Breakfast Menu ,DIGITAL ,,Food and Beverage Production,IBI,,
2024081206,Decktop Folder,Laptop ,Recipe,DIGITAL ,,Food and Beverage Production,IBI,,
2024081207,Decktop Folder,Laptop ,Justifcation Letter,DIGITAL ,,Food and Beverage Production,IBI,,
2024081208,Decktop Folder,Laptop ,Alacarte Costing,DIGITAL ,,Food and Beverage Production,IBI,,
2024081209,Decktop Folder,Laptop ,Plantilla,DIGITAL ,,Food and Beverage Production,IBI,,
2024081210,Decktop Folder,Laptop ,Wedding Menu,DIGITAL ,,Food and Beverage Production,IBI,,
2024081211,Decktop Folder,Laptop ,Capex,DIGITAL ,,Food and Beverage Production,IBI,,
2024081212,IT SERVER ROOM,HMS SERVER PC DATABASE,GUEST FOLIO,DIGITAL,,Front Office,PII,3 YEARS,
2024081213,GOOGLE DRIVE,GOOGLE DRIVE,MEMBER AND GUEST INFORMATION,DIGITAL,,Front Office,PII,5 YEARS,
2024081214,LOCAL DISK C:/DESKTOP,FO PC DESKTOP ,REPORT ON THE REGIONAL DISTRIBUTION OF TRAVELERS,DIGITAL,,Front Office,IBI,3 YEARS,
2024081215,LOCAL DISK C:/DESKTOP,FO PC DESKTOP ,UPDATED OCCUPANCY REPORT,DIGITAL,,Front Office,PII,5 YEARS,
2024081216,LOCAL DISK C:/DESKTOP,FO PC DESKTOP ,ROOM STATISTIC REPORT,DIGITAL,,Front Office,IBI,5 YEARS,
2024081217,LOCAL DISK C:/DESKTOP,FO PC DESKTOP ,WEEEKLY ROOM FORECAST,DIGITAL,,Front Office,PII,2 YEARS,
2024081218,LOCAL DISK C:/DESKTOP,FO PC DESKTOP ,MONHTLY ROOM FORECAST,DIGITAL,,Front Office,IBI,2 YEARS,
2024081219,ARRIVAL/DEPARTURE RACK,CABINET,REGISTRATION CARD,PHYSICAL,,Front Office,PII,3 YEARS,
2024081220,PC DESKTOP FOLDER,CABINET,LOST AND FOUND ITEMS,PHYSICAL,,Front Office,PII,1 YEAR,
2024081221,FO COUNTER / TICKLER,ACCOUNTING OFFICE,ENVIROMENTAL FEE - FORM,PHYSICAL,,Front Office,PII,2 YEARS,
2024081222,FO COUNTER / SMALL BOX,ACCOUNTING OFFICE,ENVIROMENTAL FEE TICKET,PHYSICAL,,Front Office,IBI,,
2024081223,FO COUNTER/ METAL TRAY ORGANIZER,ACCOUNTING OFFICE,OFFICIAL RECEIPT - ENVIROMENTAL FEE,PHYSICAL,,Front Office,PII,3 YEARS,
2024081224,ACCOUNTING OFFICE,ACCOUNTING OFFICE,SERVICE INVOICE,PHYSICAL,,Front Office,PII,5 YEARS,
2024081225,FO COUNTER,CABINET,LOGBOOK-ENDORSEMENT,PHYSICAL,,Front Office,PII,2 YEARS,
2024081226,FO COUNTER,CABINET,LOGBOOK-SURF STORE,PHYSICAL,,Front Office,PII,2 YEARS,
2024081227,FO COUNTER,CABINET,LOGBOOK-MASSAGE,PHYSICAL,,Front Office,PII,2 YEARS,
2024081228,FO COUNTER /SMALL BOX,DRAWER,ROOM KEYCARD,PHYSICAL,,Front Office,IBI,5 YEARS,
2024081229,PC DESKTOP FOLDER,CABINET,ACCOUNTABILITY FORM - BEACH TOWEL,PHYSICAL,,Front Office,PII,1 YEAR,
2024081230,CABINET,CABINET,PURCHASE REQUISITION - SURF STORE,PHYSICAL,,Front Office,IBI,2 YEARS,
2024081231,CABINET,CABINET,PURCHASE REQUISITION - OFFICE SUPPLY,PHYSICAL,,Front Office,IBI,2 YEARS,
2024081232,LOCAL DISK C:/DESKTOP,CABINET,JOB ORDER FORM,PHYSICAL,,Front Office,IBI,2 YEARS,
2024081233,LOCAL DISK C:/DESKTOP,BOX,S&R RENTAL FORM,PHYSICAL,,Front Office,PII,2 YEARS,
2024081234,LOCAL DISK C:/DESKTOP,BOX,MASSAGE RENTAL FORM,PHYSICAL,,Front Office,PII,2 YEARS,
2024081235,FO COUNTER / SMALL BOX,ACCOUNTING OFFICE,MEMBERS INDEX CARD,PHYSICAL,,Front Office,PII,3 YEARS,
2024081236,LOCAL DISK C:/DESKTOP,CABINET,GUEST COMMENT SHEET,PHYSICAL,,Front Office,PII,2 YEARS,
2024081237,CABINET,CABINET,DUPLICATE KEY,PHYSICAL,,Front Office,IBI,5 YEARS,
2024081238,FRONT OFFICE,FRONT OFFICE,DOT ACCREDITATION CERTIFICATE,PHYSICAL,,Front Office,IBI,5 YEARS,
2024081239,FRONT OFFICE,FRONT OFFICE,BIR 2303 FORM,PHYSICAL,,Front Office,IBI,5 YEARS,
2024081240,FRONT OFFICE,FRONT OFFICE,BIR 0605 FORM,PHYSICAL,,Front Office,IBI,5 YEARS,
2024081241,FRONT OFFICE,FRONT OFFICE,MAYORS PERMIT,PHYSICAL,,Front Office,IBI,5 YEARS,
2024081242,FRONT OFFICE,FRONT OFFICE,SANITARY PERMIT,PHYSICAL,,Front Office,IBI,5 YEARS,
2024081243,FRONT OFFICE,FRONT OFFICE,BIR CERTIFICATE,PHYSICAL,,Front Office,IBI,5 YEARS,
2024081244,FILING FOLDER,CABINET,MEMO,PHYSICAL,,Front Office,IBI,3 YEARS,
2024081245,FILING FOLDER,ACCOUNTING OFFICE,ACCOUNT RECIEVABLE,PHYSICAL,,Front Office,PII,3 YEARS,
2024081246,FILING FOLDER,ACCOUNTING OFFICE,SOA GUEST & MEMBER,PHYSICAL,,Front Office,PII,3 YEARS,
2024081247,FILING FOLDER,CABINET,SENIOR/PWD ID COPY,PHYSICAL,,Front Office,PII,2 YEARS,
2024081248,FO PC DESKTOP ,FO PC DESKTOP ,EXIT PASS,PHYSICAL,,Front Office,PII,,
2024081249,FO COUNTER/ METAL TRAY ORGANIZER,CABINET,DRIVERS QUARTER STAB,PHYSICAL,,Front Office,PII,,
2024081250,FO COUNTER/ METAL TRAY ORGANIZER,CABINET,DRIVERS MEAL STAB,PHYSICAL,,Front Office,PII,,
2024081251,PC DESKTOP FOLDER,CABINET/PC DESKTOP FOLDER,DAILY/ACTUAL ARRIVAL REPORT,PHYSICAL/DIGITAL,,Front Office,PII,3 YEARS,
2024081252,LOCAL DISK C:/DESKTOP,BOX/ACCOUNTING OFFCE/DESKTOP,REMITANCE OF SALES,PHYSICAL/DIGITAL,,Front Office,PII,3 YEARS,
2024081253,LOCAL DISK C:/DESKTOP,BOX/ACCOUNTING OFFCE/DESKTOP,PAWIKAN FUND,PHYSICAL/DIGITAL,,Front Office,PII,2 YEARS,
2024081254,GMAIL,CABINET / GMAIL,CONFIRMATION VOUCHER,PHYSICAL/DIGITAL,,Front Office,PII,3 YEARS,
2024081255,LOCAL DISK C:/DESKTOP ,TABLE 1 PC DESKTOP ,Motorpool Billing,DIGITAL,,Human Resources,PII,5 YEARS,
2024081256,LOCAL DISK C:/DESKTOP ,TABLE 1 PC DESKTOP ,Leave Summary ,DIGITAL,,Human Resources,PII,5 YEARS,
2024081257,LOCAL DISK C:/DESKTOP ,TABLE 1 PC DESKTOP ,DOLE Compliances ,DIGITAL,,Human Resources,PII,5 YEARS,
2024081258,LOCAL DISK C:/DESKTOP ,TABLE 1 PC DESKTOP ,Biometrics Records,DIGITAL,,Human Resources,PII,5 YEARS,
2024081259,LOCAL DISK C:/DESKTOP ,TABLE 1 PC DESKTOP ,Payroll Files,DIGITAL,,Human Resources,PII,5 YEARS,
2024081260,LOCAL DISK C:/Human Resources,TABLE 2 PC DESKTOP ,Leave Form ,DIGITAL,,Human Resources,PII,5 YEARS,
2024081261,LOCAL DISK C:/Human Resources,TABLE 2 PC DESKTOP ,Overtime Form ,DIGITAL,,Human Resources,PII,5 YEARS,
2024081262,LOCAL DISK C:/Human Resources,TABLE 2 PC DESKTOP ,Exit Pass,DIGITAL,,Human Resources,PII,5 YEARS,
2024081263,LOCAL DISK C:/Human Resources,TABLE 2 PC DESKTOP ,Transmittal,DIGITAL,,Human Resources,PII,5 YEARS,
2024081264,LOCAL DISK C:/Human Resources,TABLE 2 PC DESKTOP ,Managers Leave Credit ,DIGITAL,,Human Resources,PII,5 YEARS,
2024081265,LOCAL DISK C:/Human Resources,TABLE 2 PC DESKTOP ,Employee Masterfile ,DIGITAL,,Human Resources,PII,5 YEARS,
2024081266,LOCAL DISK C:/Human Resources,TABLE 2 PC DESKTOP ,MBCI - Org Chart ,DIGITAL,,Human Resources,IBI,5 YEARS,
2024081267,LOCAL DISK C:/Human Resources,TABLE 2 PC DESKTOP ,MBCI Employees Manual ,DIGITAL,,Human Resources,PII,5 YEARS,
2024081268,LOCAL DISK C:/Human Resources,TABLE 2 PC DESKTOP ,Clearances Form,DIGITAL,,Human Resources,PII,5 YEARS,
2024081269,LOCAL DISK C:/Human Resources,TABLE 2 PC DESKTOP ,Meals Report ,DIGITAL,,Human Resources,PII,5 YEARS,
2024081270,LOCAL DISK C:/Human Resources,TABLE 2 PC DESKTOP ,NTE's Template,DIGITAL,,Human Resources,PII,5 YEARS,
2024081271,LOCAL DISK C:/Human Resources,TABLE 2 PC DESKTOP ,Memorandum Template ,DIGITAL,,Human Resources,PII,5 YEARS,
2024081272,LOCAL DISK C:/Human Resources,TABLE 2 PC DESKTOP ,Monthly HR Report ,DIGITAL,,Human Resources,PII,5 YEARS,
2024081273,LOCAL DISK C:/Human Resources,TABLE 2 PC DESKTOP ,Engagement Plan ,DIGITAL,,Human Resources,PII,5 YEARS,
2024081274,LOCAL DISK C:/Downloads,TABLE 2 PC DESKTOP ,Job Description ,DIGITAL,,Human Resources,PII,5 YEARS,
2024081275,DRAWER 1-3 ,STEEL CABINET,"201 Files (Active Employees) Regular, Fixed Term, Seasonal",PHYSICAL,,Human Resources,PII,5 YEARS,
2024081276,DRAWER 1-3 ,STEEL CABINET,"201 Files (Inactive Employees) Regular, Fixed Term, Seasonal ",PHYSICAL,,Human Resources,PII,5 YEARS,
2024081277,DRAWER 1-3 ,STEEL CABINET,Bond Agreement ,PHYSICAL,,Human Resources,IBI,5 YEARS,
2024081278,DRAWER 1-3 ,STEEL CABINET,Wages Matrix,PHYSICAL,,Human Resources,PII,5 YEARS,
2024081279,DRAWER 1-3 ,STEEL CABINET,Clearances and Quitclaim,PHYSICAL,,Human Resources,PII,5 YEARS,
2024081280,DRAWER 1-3 ,STEEL CABINET,Permits ,PHYSICAL,,Human Resources,IBI,5 YEARS,
2024081281,DRAWER 1-3 ,STEEL CABINET,Timekeeping Forms ,PHYSICAL,,Human Resources,PII,5 YEARS,
2024081282,DRAWER 1-3 ,STEEL CABINET,Medical Allowances ,PHYSICAL,,Human Resources,PII,5 YEARS,
2024081283,WOOD SHELVES 3RD LAYER,SHELVES,Issued Memorandum ,PHYSICAL,,Human Resources,PII,5 YEARS,
2024081284,WOOD SHELVES 3RD LAYER,SHELVES,Incident Report ,PHYSICAL,,Human Resources,PII,5 YEARS,
2024081285,WOOD SHELVES 3RD LAYER,SHELVES,Explanation Letter,PHYSICAL,,Human Resources,PII,5 YEARS,
2024081286,WOOD SHELVES 3RD LAYER,SHELVES,Endorsement Letter ,PHYSICAL,,Human Resources,PII,5 YEARS,
2024081287,WOOD SHELVES 3RD LAYER,SHELVES,Unserved NTE's ,PHYSICAL,,Human Resources,PII,5 YEARS,
2024081288,WOOD SHELVES 3RD LAYER,SHELVES,Served NTE's,PHYSICAL,,Human Resources,PII,5 YEARS,
2024081289,DRAWER 1-3 ,STEEL CABINET,Employment Contract ,PHYSICAL,,Human Resources,PII,5 YEARS,
2024081290,Drawer,Still Cabinet,Individual Membeship Folder,Physical,,Membeship,PII,,
2024081291,Drive,Membeship Email,Database,Digital,,Membeship,PII,,
2024081292,Local Disk C:/ Desktop,PC Desktop Folder,Billing Statement,Digital,,Membeship,PII,,
2024081293,Drive,Membeship Email,Dus/Payment: Monitoring,Digital,,Membeship,PII,,
2024081294,Local Disk C:/ Desktop,PC Desktop Folder,Memo for applicant for membership( membeship committee approval),Digital,,Membeship,PII,,
2024081295,Local Disk C:/ Desktop,PC Desktop Folder,Forms for membership application,Digital,,Membeship,PII,,
2024081296,Drawer, Cabinet,Forms for membership application,Physical,,Membeship,PII,,
2024081297,Drawer,Folder,Memo for applicant for membership: with signed of membership committee,Physical,,Membeship,PII,,
2024081298,Local Disk C:/ Desktop,PC Desktop Folder,Memo for approved membeship (for BOD),Digital,,Membeship,PII,,
2024081299,Drawer,Folder,Memo for approved membeship with signed of BOD,Physical,,Membeship,PII,,
2024081300,Drawer,Folder,Transmittal : issuance of OR/CC/PC/SOA,Physical,,Membeship,PII,,
2024081301,Drawer,Folder,Transmittal : issuance of new membership certificate,Physical,,Membeship,PII,,
2024081302,Drawer,Folder,unclaim: old membership certificate,Physical,,Membeship,PII,,
2024081303,LOCAL DISK D:/DESKTOP,PC DESKTOP- MELBA CUNANAN,PO MONITORING,DIGITAL,,Purchasing,IBI,,
2024081304,LOCAL DISK D:/DESKTOP,PC DESKTOP- MELBA CUNANAN,PR MONITORING,DIGITAL,,Purchasing,IBI,,
2024081305,LOCAL DISK D:/DESKTOP,PC DESKTOP- MELBA CUNANAN,MONTHLY PO FILE,DIGITAL,,Purchasing,IBI,,
2024081306,LOCAL DISK D:/DESKTOP,PC DESKTOP- MELBA CUNANAN,PO RECEIVING FILE,DIGITAL,,Purchasing,IBI,,
2024081307,Drawer,Folder, (Confirmed)Details of Account ( per forder),Physical,,Sales,PII,,
2024081308,Drive,Sales Email,Database,Digital,,Sales,PII,,
2024081309,Drive,Sales Email,Tentative & Cancelles,Digital,,Sales,PII,,
2024081310,Drive,Sales Email,Confirmed Account/s,Digital,,Sales,PII,,
2024081311,Drawer,Folder,filing of Purchase requisition (with signed of purchasing),Physical,,Sales,,,
2024081312,Local Disk C:/ Desktop,PC Desktop Folder,Proposal Letter/Quotation,Digital,,Sales,PII,,
2024081313,Local Disk C:/ Desktop,PC Desktop Folder,Account/s: Internal Breakdown,Digital,,Sales,PII,,
2024081314,Local Disk C:/ Desktop,PC Desktop Folder,Banquet Event Order,Digital,,Sales,PII,,
2024081315,Local Disk C:/ Desktop,PC Desktop Folder,Contract for confirmed account,Digital,,Sales,PII,,
2024081316,Local Disk C:/ Desktop,PC Desktop Folder,Confirmation Voucher & SOA for GIT,Digital,,Sales,PII,,
2024081317,LOGBOOK TENT RENTALS,S&R OFFICE BOX,LOGBOOK-RENTAL TENT AND CABANA,PHYSICAL,,Sports & Recreation,IBI,,
2024081318,LOGBOOK WATER SPORTS RENTAL,S&R OFFICE BOX,"LOGBOOK-JETSKI, KAYAK, BOAT RIDE",PHYSICAL,,Sports & Recreation,IBI,,
2024081319,DRAWER1,TRAY,PURCHASE REQUISITION,PHYSICAL,,Sports & Recreation,IBI,,
2024081320,FOLDER,TRAY,MEMO-OFFICE,PHYSICAL,,Sports & Recreation,IBI,,
2024081321,BOX RENTAL SLIP,TRAY,RENTAL SLIP&WAIVER - TENT AND CABANA,PHYSICAL,,Sports & Recreation,IBI,,
2024081322,BOX RENTAL SLIP,TRAY,"RENTAL SLIP&WAIVER - JETSKI, KAYAK, BOAT RIDE",PHYSICAL,,Sports & Recreation,IBI,,
2024081323,CORT BOARD,TRAY,SCHEDULE- S&R,PHYSICAL,,Sports & Recreation,IBI,,
2024081324,FOLDER,TRAY,DAILY ARRIVAL AND DEPARTURE,PHYSICAL,,Sports & Recreation,IBI,,
2024081325,FOLDER,TRAY,LEAVE FORM,PHYSICAL,,Sports & Recreation,PII,,
2024081326,FOLDER,TRAY,JOB ORDER-S&R,PHYSICAL,,Sports & Recreation,IBI,,
2024081327,FOLDER,TRAY,INVENTORY BEACH ,PHYSICAL,,Sports & Recreation,IBI,,
2024081328,FOLDER,TRAY,INVENTORY SWIMMING POOL,PHYSICAL,,Sports & Recreation,IBI,,
2024081329,Drawer 1,Steel Cabinet,Receiving report general,PHYSICAL,,Warehouse,IBI,,
2024081330,Drawer 1,Steel Cabinet,Receiving report Food,PHYSICAL,,Warehouse,IBI,,
2024081331,Table 1 (Jong),Table 3,Request form General Folder,PHYSICAL,,Warehouse,IBI,,
2024081332,Table 1 (Jong),Table 3,Exit pass folder,PHYSICAL,,Warehouse,IBI,,
2024081333,Table 1 (Jong),Table 3,Condemmed Folder,PHYSICAL,,Warehouse,IBI,,
2024081334,Table 1 (Jong),Table 3,Exit pass form,PHYSICAL,,Warehouse,IBI,,
2024081335,Table 2 (ED),Table 2 (ED),GSRR Form folder,PHYSICAL,,Warehouse,IBI,,
2024081336,Table 2 (ED),Table 2 (ED),FBRR Form Folder,PHYSICAL,,Warehouse,IBI,,
2024081337,Table 2 (ED),Table 2 (ED),Requesting folder Inn-room,PHYSICAL,,Warehouse,IBI,,
2024081338,Table 2 (ED),Table 2 (ED),Requesting folder F&B Kitchen,PHYSICAL,,Warehouse,IBI,,
2024081339,Table 2 (ED),Table 2 (ED),Requesting folder F&B Main bar,PHYSICAL,,Warehouse,IBI,,
2024081340,Table 2 (ED),Table 2 (ED),Requesting folder Officer,PHYSICAL,,Warehouse,IBI,,
2024081341,Table 3 (Tin),Table 3 (Tin),Condemmed form Record,PHYSICAL,,Warehouse,IBI,,
2024081342,Table 3 (Tin),Table 3 (Tin),Requesting folder General,PHYSICAL,,Warehouse,IBI,,
2024081343,Table 3 (Tin),Table 3 (Tin),PO Copy folder,PHYSICAL,,Warehouse,IBI,,
2024081344,Table 3 (Tin),Table 3 (Tin),GSRR Form folder,PHYSICAL,,Warehouse,IBI,,
2024081345,Table 3 (Tin),Table 3 (Tin),General Requesting Folder,PHYSICAL,,Warehouse,IBI,,
2024081346,LOCAL DISK C:/DESKTOP(Jong),PC Desktop,Condemmed report,DIGITAL,,Warehouse,IBI,,
2024081347,LOCAL DISK C:/DESKTOP(Jong),PC Desktop,Exit pass report,DIGITAL,,Warehouse,IBI,,
2024081348,LOCAL DISK C:/DESKTOP(Jong),PC Desktop,Updated DVPRO,DIGITAL,,Warehouse,IBI,,
2024081349,LOCAL DISK C:/DESKTOP(Jong),PC Desktop,Weekly inventory report ( Food and General ),DIGITAL,,Warehouse,IBI,,
2024081350,LOCAL DISK C:/DESKTOP(Jong),PC Desktop,Monthly inventory General report,DIGITAL,,Warehouse,IBI,,
2024081351,LOCAL DISK C:/DESKTOP(ED),PC Desktop,Food Consumption report,DIGITAL,,Warehouse,IBI,,
2024081352,LOCAL DISK C:/DESKTOP(ED),PC Desktop,Food Monthly Inventory reort,DIGITAL,,Warehouse,IBI,,
2024081353,LOCAL DISK C:/DESKTOP(ED),PC Desktop,LPG Gas Consumprion report,DIGITAL,,Warehouse,IBI,,
2024081354,LOCAL DISK C:/DESKTOP(ED),PC Desktop,Food & Beverage Summary Consumption report,DIGITAL,,Warehouse,IBI,,
2024081355,LOCAL DISK C:/DESKTOP(ED),PC Desktop,Market list Food & Beverage updated price report,DIGITAL,,Warehouse,IBI,,
2024081356,LOCAL DISK C:/DESKTOP(ED),PC Desktop,Property report,DIGITAL,,Warehouse,IBI,,
2024081357,LOCAL DISK C:/DESKTOP(ED),PC Desktop,Accountable report,DIGITAL,,Warehouse,IBI,,
2024081358,LOCAL DISK C:/DESKTOP(Tin),PC Desktop,Scrap report Form,DIGITAL,,Warehouse,IBI,,
2024081359,LOCAL DISK C:/DESKTOP(Tin),PC Desktop,General Monthly inventory report,DIGITAL,,Warehouse,IBI,,
2024081360,LOCAL DISK C:/DESKTOP(Tin),PC Desktop,General consumption report,DIGITAL,,Warehouse,IBI,,
2024081361,LOCAL DISK C:/DESKTOP(Tin),PC Desktop,Porject report ,DIGITAL,,Warehouse,IBI,,
2024081362,LOCAL DISK C:/DESKTOP(Tin),PC Desktop,Motorpool Maintenance report,DIGITAL,,Warehouse,IBI,,
2024081363,LOCAL DISK C:/DESKTOP(Tin),PC Desktop,S&R Maintenance report,DIGITAL,,Warehouse,IBI,,
2024081364,LOCAL DISK C:/DESKTOP(Tin),PC Desktop,Assets general inventory report,DIGITAL,,Warehouse,IBI,,
2024081365,LOCAL DISK C:/DESKTOP,PC Desktop,Requesting Desktop ,DIGITAL,,Warehouse,IBI,,
2024081366,LOCAL DISK C:/DESKTOP,PC Desktop,DVPRO ,DIGITAL,,Warehouse,IBI,,
2024081367,LOCAL DISK C:/DESKTOP,PC Desktop,Forms,DIGITAL,,Warehouse,IBI,,
2024081368,LOCAL DISK C:/DESKTOP,PC Desktop,Bagac General Voucher ,DIGITAL,,Warehouse,IBI,,
2024081369,LOCAL DISK C:/DESKTOP,PC Desktop,Change schedule form,DIGITAL,,Warehouse,IBI,,
2024081370,LOCAL DISK C:/DESKTOP,PC Desktop,Confirmation voucher form,DIGITAL,,Warehouse,IBI,,
2024081371,LOCAL DISK C:/DESKTOP,PC Desktop,F&B Requisition form,DIGITAL,,Warehouse,IBI,,
2024081372,LOCAL DISK C:/DESKTOP,PC Desktop,General Requisition form,DIGITAL,,Warehouse,IBI,,
2024081373,LOCAL DISK C:/DESKTOP,PC Desktop,"Market List, seafood",DIGITAL,,Warehouse,IBI,,
2024081374,LOCAL DISK C:/DESKTOP,PC Desktop,"MarKet List, vegetable",DIGITAL,,Warehouse,IBI,,
2024081375,LOCAL DISK C:/DESKTOP,PC Desktop,Order slip form,DIGITAL,,Warehouse,IBI,,
2024081376,LOCAL DISK C:/DESKTOP,PC Desktop,Purchase requisition form,DIGITAL,,Warehouse,IBI,,
2024081377,LOCAL DISK C:/DESKTOP,PC Desktop,Registration card,DIGITAL,,Warehouse,IBI,,
2024081378,LOCAL DISK C:/DESKTOP,PC Desktop,Vehicle Trip ticket # 0500,DIGITAL,,Warehouse,IBI,,
2024081379,HK Supervisor's Office - Allan Caguiwa,Cabinet,Guestroom HOES Inventory,PHYSICAL,,Housekeeping ,IBI,2 years,
2024081380,HK Supervisor's Office - Allan Caguiwa,Cabinet,(Housekeeping Operational Equipments & Supplies),PHYSICAL,,Housekeeping ,IBI,2 years,
2024081381,HK Supervisor's Office - Allan Caguiwa,Cabinet,Cleaning Chemicals & Tools Inventory,PHYSICAL,,Housekeeping ,IBI,2 years,
2024081382,HK Supervisor's Office - Allan Caguiwa,Cabinet,Linen Inventory,PHYSICAL,,Housekeeping ,IBI,2 years,
2024081383,HK Supervisor's Office - Allan Caguiwa,Cabinet,Daily Consumption Report ,PHYSICAL,,Housekeeping ,IBI,2 years,
2024081384,HK Supervisor's Office - Allan Caguiwa,Cabinet,Room Attendants Worksheet,PHYSICAL,,Housekeeping ,PII,2 years,
2024081385,HK Supervisor's Office - Allan Caguiwa,Cabinet,Supervisor's Worksheet,PHYSICAL,,Housekeeping ,PII,2 years,
2024081386,HK Supervisor's Office - Allan Caguiwa,Cabinet,Duty Roster,PHYSICAL,,Housekeeping ,PII,2 years,
2024081387,HK Supervisor's Office - Allan Caguiwa,Cabinet,Staff Requisition Form,PHYSICAL,,Housekeeping ,PII,2 years,
2024081388,HK Supervisor's Office - Allan Caguiwa,Cabinet,Daily Arrival & Departure Report    (DAR),PHYSICAL,,Housekeeping ,IBI,2 years,
2024081389,HK Supervisor's Office - Allan Caguiwa,Cabinet,Special Projects Report     (Cleaning Calendar),PHYSICAL,,Housekeeping ,IBI,2 years,
2024081390,HK Supervisor's Office - Allan Caguiwa,Cabinet,Training Attendance Records (Forms),PHYSICAL,,Housekeeping ,IBI,2 years,
2024081391,HK Supervisor's Office - Allan Caguiwa,Cabinet,Training Calendar Reports,PHYSICAL,,Housekeeping ,IBI,2 years,
2024081392,HK Supervisor's Office - Allan Caguiwa,Cabinet,Outsource or 3rd Party Accomplishmen Report,PHYSICAL,,Housekeeping ,IBI,2 years,
2024081393,HK Supervisor's Office - Allan Caguiwa,Cabinet,Endorsement Log Books,PHYSICAL,,Housekeeping ,IBI,2 years,
2024081394,HK Supervisor's Office - Allan Caguiwa,Cabinet,Staff Request Forms   (SRF),PHYSICAL,,Housekeeping ,PII,2 years,
2024081395,HK Supervisor's Office - Allan Caguiwa,Cabinet,Radio Users Monitoring - Log Book,PHYSICAL,,Housekeeping ,PII,2 years,
2024081396,HK Supervisor's Office - Allan Caguiwa,Cabinet,BEO & GAM  - Forms,PHYSICAL,,Housekeeping ,PII,2 years,
2024081397,HK Supervisor's Office - Allan Caguiwa,Cabinet,Purchase Requests Form  (PRF),PHYSICAL,,Housekeeping ,IBI,2 years,
2024081398,HK Supervisor's Office - Allan Caguiwa,Cabinet,Lost & Found Forms & Records,PHYSICAL,,Housekeeping ,PII,2 years,
2024081399,HK Supervisor's Office - Allan Caguiwa,Cabinet,Job Order Request  Forms,PHYSICAL,,Housekeeping ,PII,2 years,
2024081400,HK Supervisor's Office - Allan Caguiwa,Cabinet,Staff Evaluation & 201 Files Forms and Records,PHYSICAL,,Housekeeping ,PII,2 years,
2024081401,HK Supervisor's Office - Allan Caguiwa,Cabinet,Profit & Loss Reports,PHYSICAL,,Housekeeping ,PII,2 years,
2024081402,HK Supervisor's Office - Allan Caguiwa,Cabinet,"Breakages ,Damage & Missing Items Records & Forms",PHYSICAL,,Housekeeping ,IBI,2 years,
2024081403,HK Supervisor's Office - Allan Caguiwa,Cabinet,Memo's ,PHYSICAL,,Housekeeping ,PII,2 years,
2024081404,HK Supervisor's Office - Allan Caguiwa,Cabinet,Daily Task Report (Productivity Report),PHYSICAL,,Housekeeping ,PII,2 years,
2024081405,HK Supervisor's Office - Allan Caguiwa,Cabinet,Room Status Repor   (inlcuding Discrepancy Report),PHYSICAL,,Housekeeping ,PII,2 years,
2024081406,LOCAL DISK C:/DESKTOP (HKS Office),DVPRO & HMS  (HKS PC),HMS -Guestroom Inventory Reports & Guest Details,DIGITAL,,Housekeeping ,PII,2 years,
2024081407,PA Supervisor's Office - Leonardo Martinez,Cabinet,Endorsement Log Books,PHYSICAL,,Housekeeping ,PII,2 years,
2024081408,PA Supervisor's Office - Leonardo Martinez,Cabinet,Metal Key Monitoirng Log Book,PHYSICAL,,Housekeeping ,PII,2 years,
2024081409,PA Supervisor's Office - Leonardo Martinez,Cabinet,Radio Users Monitoring - Log Book,PHYSICAL,,Housekeeping ,PII,2 years,
2024081410,PA Supervisor's Office - Leonardo Martinez,Cabinet,BEO & GAM  - Forms,PHYSICAL,,Housekeeping ,PII,2 years,
2024081411,PA Supervisor's Office - Leonardo Martinez,Cabinet,Purchase Requests Form  (PRF),PHYSICAL,,Housekeeping ,IBI,2 years,
2024081412,PA Supervisor's Office - Leonardo Martinez,Cabinet,Lost & Found Forms & Records,PHYSICAL,,Housekeeping ,IBI,2 years,
2024081413,PA Supervisor's Office - Leonardo Martinez,Cabinet,Job Order Request  Forms,PHYSICAL,,Housekeeping ,IBI,2 years,
2024081414,PA Supervisor's Office - Leonardo Martinez,Cabinet,Profit & Loss Reports,PHYSICAL,,Housekeeping ,PII,2 years,
2024081415,PA Supervisor's Office - Leonardo Martinez,Cabinet,"Breakages ,Damage & Missing Items Records & Forms",PHYSICAL,,Housekeeping ,PII,2 years,
2024081416,PA Supervisor's Office - Leonardo Martinez,Cabinet,Memo's ,PHYSICAL,,Housekeeping ,PII,2 years,
2024081417,PA Supervisor's Office - Leonardo Martinez,Cabinet,Daily Task Report (Productivity Report),PHYSICAL,,Housekeeping ,PII,2 years,
2024081418,PA Supervisor's Office - Leonardo Martinez,Cabinet,Radio Users Monitoring - Log Book,PHYSICAL,,Housekeeping ,PII,2 years,
2024081419,PA Supervisor's Office - Leonardo Martinez,Cabinet,Room Status Repor   (inlcuding Discrepancy Report),PHYSICAL,,Housekeeping ,IBI,2 years,
2024081420,PA Supervisor's Office - Leonardo Martinez,Cabinet,Guestroom HOES Inventory,PHYSICAL,,Housekeeping ,IBI,2 years,
2024081421,PA Supervisor's Office - Leonardo Martinez,Cabinet,(Housekeeping Operational Equipments & Supplies),PHYSICAL,,Housekeeping ,IBI,2 years,
2024081422,PA Supervisor's Office - Leonardo Martinez,Cabinet,Cleaning Chemicals & Tools Inventory,PHYSICAL,,Housekeeping ,IBI,2 years,
2024081423,PA Supervisor's Office - Leonardo Martinez,Cabinet,Daily Consumption Report ,PHYSICAL,,Housekeeping ,IBI,2 years,
2024081424,PA Supervisor's Office - Leonardo Martinez,Cabinet,Public Area Attendants Worksheet,PHYSICAL,,Housekeeping ,PII,2 years,
2024081425,PA Supervisor's Office - Leonardo Martinez,Cabinet,Supervisor's Worksheet,PHYSICAL,,Housekeeping ,PII,2 years,
2024081426,PA Supervisor's Office - Leonardo Martinez,Cabinet,Duty Roster,PHYSICAL,,Housekeeping ,PII,2 years,
2024081427,PA Supervisor's Office - Leonardo Martinez,Cabinet,Staff Requisition Form    (SRF),PHYSICAL,,Housekeeping ,PII,2 years,
2024081428,PA Supervisor's Office - Leonardo Martinez,Cabinet,Daily Arrival & Departure Report    (DAR),PHYSICAL,,Housekeeping ,PII,2 years,
2024081429,PA Supervisor's Office - Leonardo Martinez,Cabinet,Special Projects Report     (Cleaning Calendar),PHYSICAL,,Housekeeping ,IBI,2 years,
2024081430,PA Supervisor's Office - Leonardo Martinez,Cabinet,Training Attendance Records (Forms),PHYSICAL,,Housekeeping ,PII,2 years,
2024081431,PA Supervisor's Office - Leonardo Martinez,Cabinet,Training Calendar Reports,PHYSICAL,,Housekeeping ,IBI,2 years,
2024081432,PA Supervisor's Office - Leonardo Martinez,Cabinet,Staff Evaluation & 201 Files Forms and Records,PHYSICAL,,Housekeeping ,IBI,2 years,
2024081433,PA Supervisor's Office - Leonardo Martinez,Cabinet,Outsource or 3rd Party Accomplishmen Report,PHYSICAL,,Housekeeping ,IBI,2 years,
2024081434,LOCAL DISK C:/DESKTOP  (PAS Office),DVPRO & HMS  (HKS PC),HMS -Guestroom Inventory Reports & Guest Details,DIGITAL,,Housekeeping ,PII,2 years,
2024081435,Laundry Supervisor's Office - Ferdinand Dela Cruz,Cabinet,Endorsement Log Books,PHYSICAL,,Housekeeping ,IBI,2 years,
2024081436,Laundry Supervisor's Office - Ferdinand Dela Cruz,Cabinet,Duty Roster,PHYSICAL,,Housekeeping ,PII,2 years,
2024081437,Laundry Supervisor's Office - Ferdinand Dela Cruz,Cabinet,Staff Requisition Form    (SRF),PHYSICAL,,Housekeeping ,IBI,2 years,
2024081438,Laundry Supervisor's Office - Ferdinand Dela Cruz,Cabinet,Productivity Report  (Worksheet),PHYSICAL,,Housekeeping ,PII,2 years,
2024081439,Laundry Supervisor's Office - Ferdinand Dela Cruz,Cabinet,Daily Arrival & Departure Report    (DAR),PHYSICAL,,Housekeeping ,PII,2 years,
2024081440,Laundry Supervisor's Office - Ferdinand Dela Cruz,Cabinet,Special Projects Report     (Cleaning Calendar),PHYSICAL,,Housekeeping ,IBI,2 years,
2024081441,Laundry Supervisor's Office - Ferdinand Dela Cruz,Cabinet,Training Attendance Records (Forms),PHYSICAL,,Housekeeping ,IBI,2 years,
2024081442,Laundry Supervisor's Office - Ferdinand Dela Cruz,Cabinet,Training Calendar Reports,PHYSICAL,,Housekeeping ,PII,2 years,
2024081443,Laundry Supervisor's Office - Ferdinand Dela Cruz,Cabinet,Outsource or 3rd Party Accomplishmen Report,PHYSICAL,,Housekeeping ,IBI,2 years,
2024081444,Laundry Supervisor's Office - Ferdinand Dela Cruz,Cabinet,Daily Consumption Report ,PHYSICAL,,Housekeeping ,PII,2 years,
2024081445,Laundry Supervisor's Office - Ferdinand Dela Cruz,Cabinet,Radio Users Monitoring - Log Book,PHYSICAL,,Housekeeping ,IBI,2 years,
2024081446,Laundry Supervisor's Office - Ferdinand Dela Cruz,Cabinet,Guestroom HOES Inventory,PHYSICAL,,Housekeeping ,IBI,2 years,
2024081447,Laundry Supervisor's Office - Ferdinand Dela Cruz,Cabinet,Cleaning Chemicals & Tools Inventory,PHYSICAL,,Housekeeping ,PII,2 years,
2024081448,Laundry Supervisor's Office - Ferdinand Dela Cruz,Cabinet,BEO & GAM  - Forms,PHYSICAL,,Housekeeping ,PII,2 years,
2024081449,Laundry Supervisor's Office - Ferdinand Dela Cruz,Cabinet,Purchase Requests Form  (PRF),PHYSICAL,,Housekeeping ,IBI,2 years,
2024081450,Laundry Supervisor's Office - Ferdinand Dela Cruz,Cabinet,Lost & Found Forms & Records,PHYSICAL,,Housekeeping ,PII,2 years,
2024081451,Laundry Supervisor's Office - Ferdinand Dela Cruz,Cabinet,Job Order Request  Forms,PHYSICAL,,Housekeeping ,IBI,2 years,
2024081452,Laundry Supervisor's Office - Ferdinand Dela Cruz,Cabinet,Profit & Loss Reports,PHYSICAL,,Housekeeping ,PII,2 years,
2024081453,Laundry Supervisor's Office - Ferdinand Dela Cruz,Cabinet,"Breakages ,Damage & Missing Items Records & Forms",PHYSICAL,,Housekeeping ,IBI,2 years,
2024081454,Laundry Supervisor's Office - Ferdinand Dela Cruz,Cabinet,Memo's ,PHYSICAL,,Housekeeping ,IBI,2 years,
2024081455,Laundry Supervisor's Office - Ferdinand Dela Cruz,Cabinet,Staff Evaluation & 201 Files Forms and Records,PHYSICAL,,Housekeeping ,PII,2 years,
2024081456,Laundry Supervisor's Office - Ferdinand Dela Cruz,Cabinet,Linen Inventory,PHYSICAL,,Housekeeping ,IBI,2 years,
2024081457,LOCAL DISK C:/DESKTOP    (LS Office),DVPRO & HMS  (HKS PC),HMS -Guestroom Inventory Reports & Guest Details,DIGITAL,,Housekeeping ,PII,2 years,
